<?xml version="1.0" encoding="UTF-8" standalone="no"?>
<featureModel>
    <properties/>
    <struct>
        <and abstract="true" mandatory="true" name="__Root__">
            <feature name="CONFIG_SOL_PLATFORM_LINUX"/>
            <feature name="CONFIG_PLATFORM_SYSTEMD"/>
            <feature name="CONFIG_FLOW_NODE_TYPE_FS"/>
            <feature name="CONFIG_FLOW"/>
            <feature name="CONFIG_HAVE_RIOTOS"/>
            <feature name="CONFIG_MAINLOOP_RIOTOS"/>
            <feature name="CONFIG_RESOLVER_CONFFILE"/>
            <feature name="CONFIG_FBP_RUNNER"/>
            <feature name="CONFIG_LINUX_MICRO"/>
            <feature name="CONFIG_LINUX_MICRO_DBUS"/>
            <feature name="CONFIG_DEFAULT_LOG_LEVEL_ERROR"/>
            <feature name="CONFIG_DEFAULT_LOG_LEVEL_INFO"/>
            <feature name="CONFIG_FLOW_NODE_TYPE_GPIO"/>
            <feature name="CONFIG_DEFAULT_LOG_LEVEL_WARNING"/>
            <feature name="CONFIG_DEFAULT_LOG_LEVEL_CRITICAL"/>
            <feature name="CONFIG_FLOW_NODE_TYPE_OIC"/>
            <feature name="CONFIG_FLOW_NODE_TYPE_CONSTANT"/>
            <feature name="CONFIG_HAVE_GTK"/>
            <feature name="CONFIG_FLOW_NODE_TYPE_GTK"/>
            <feature name="CONFIG_USE_GTK"/>
            <feature name="CONFIG_PLATFORM_DUMMY"/>
            <feature name="CONFIG_PLATFORM_LINUX_MICRO"/>
            <feature name="CONFIG_PLATFORM_RIOTOS"/>
            <feature name="CONFIG_FLOW_NODE_TYPE_PWM"/>
            <feature name="CONFIG_LINUX_MICRO_FSTAB"/>
            <feature name="CONFIG_MAINLOOP_GLIB"/>
            <feature name="CONFIG_FLOW_NODE_TYPE_FILE"/>
            <feature name="CONFIG_USE_CHECK"/>
            <feature name="CONFIG_INSPECTOR"/>
            <feature name="CONFIG_TEST_MAINLOOP_THREADS_SOL_RUN"/>
            <feature name="CONFIG_MAINLOOP_POSIX"/>
            <feature name="CONFIG_HAVE_GLIB"/>
            <feature name="CONFIG_KDBUS"/>
            <feature name="CONFIG_HAVE_KDBUS"/>
            <feature name="CONFIG_LINUX_MICRO_HOSTNAME"/>
            <feature name="CONFIG_FBP_GENERATOR"/>
            <feature name="CONFIG_FLOW_NODE_TYPE_HUB"/>
            <feature name="CONFIG_FLOW_NODE_TYPE_UDEV"/>
            <feature name="CONFIG_USE_UDEV"/>
            <feature name="CONFIG_FLOW_NODE_TYPE_PROCESS"/>
            <feature name="CONFIG_HAVE_SYSTEMD"/>
            <feature name="CONFIG_PTHREAD"/>
            <feature name="CONFIG_HAVE_DECL_IFLA_INET6_ADDR_GEN_MODE"/>
            <feature name="CONFIG_FLOW_NODE_TYPE_GYROSCOPE"/>
            <feature name="CONFIG_FLOW_NODE_TYPE_BYTE"/>
            <feature name="CONFIG_USE_GLIB"/>
            <feature name="CONFIG_HAVE_PTHREAD"/>
            <feature name="CONFIG_SOCKET_LINUX"/>
            <feature name="CONFIG_FLOW_NODE_TYPE_CONSOLE"/>
            <feature name="CONFIG_FLOW_NODE_TYPE_STRING"/>
            <feature name="CONFIG_TEST_MAINLOOP_THREADS"/>
            <feature name="CONFIG_FLOW_NODE_TYPE_RANDOM"/>
            <feature name="CONFIG_LOG"/>
            <feature name="CONFIG_FLOW_NODE_TYPE_COLOR"/>
            <feature name="CONFIG_HAVE_ACCEPT4"/>
            <feature name="CONFIG_HAVE_DLFCN_H"/>
            <feature name="CONFIG_FLOW_NODE_TYPES"/>
            <feature name="CONFIG_INTERNAL_SHARED"/>
            <feature name="CONFIG_FLOW_NODE_TYPE_APP"/>
            <feature name="CONFIG_FLOW_NODE_TYPE_NETWORK"/>
            <feature name="CONFIG_COAP"/>
            <feature name="CONFIG_FLOW_NODE_TYPE_KEYBOARD"/>
            <feature name="CONFIG_HAVE_DECL_STRNDUPA"/>
            <feature name="CONFIG_HAVE_CHECK"/>
            <feature name="CONFIG_FLOW_NODE_TYPE_PLATFORM"/>
            <feature name="CONFIG_FLOW_NODE_TYPE_ACCELEROMETER"/>
            <feature name="CONFIG_LINUX_MICRO_CONSOLE"/>
            <feature name="CONFIG_HAVE_ISATTY"/>
            <feature name="CONFIG_FLOW_NODE_TYPE_CALAMARI"/>
            <feature name="CONFIG_FBP_TO_DOT"/>
            <feature name="CONFIG_FLOW_NODE_TYPE_EVDEV"/>
            <feature name="CONFIG_FLOW_NODE_TYPE_WALLCLOCK"/>
            <feature name="CONFIG_DEFAULT_LOG_LEVEL_DEBUG"/>
            <feature name="CONFIG_FLOW_NODE_TYPE_FILTER_REPEATED"/>
            <feature name="CONFIG_FLOW_NODE_TYPE_FLOAT"/>
            <feature name="CONFIG_FLOW_NODE_TYPE_TEST"/>
            <feature name="CONFIG_CORE"/>
            <feature name="CONFIG_MODULES"/>
            <feature name="CONFIG_ENABLE_DYNAMIC_MODULES"/>
            <feature name="CONFIG_HAVE_PPOLL"/>
            <feature name="CONFIG_USE_SYSTEMD"/>
            <feature name="CONFIG_FLOW_NODE_TYPE_TIMER"/>
            <feature name="CONFIG_FLOW_NODE_TYPE_GROVE"/>
            <feature name="CONFIG_LINUX_MICRO_BLUETOOTH"/>
            <feature name="CONFIG_LINUX_MICRO_WATCHDOG"/>
            <feature name="CONFIG_FLOW_NODE_TYPE_INT"/>
            <feature name="CONFIG_FLOW_NODE_TYPE_AIO"/>
            <feature name="CONFIG_FLOW_NODE_TYPE_BOOLEAN"/>
            <feature name="CONFIG_PREFIX"/>
            <feature name="CONFIG_LINUX_MICRO_SYSCTL"/>
            <feature name="CONFIG_LINUX_MICRO_NETWORK_UP"/>
            <feature name="CONFIG_FLOW_NODE_TYPE_PIEZO_SPEAKER"/>
            <feature name="CONFIG_FLOW_NODE_TYPE_SERVO_MOTOR"/>
            <feature name="CONFIG_FLOW_NODE_TYPE_UNIX_SOCKET"/>
            <feature name="CONFIG_TEST_COAP"/>
            <feature name="CONFIG_LINUX_MICRO_RC_D"/>
            <feature name="CONFIG_FLOW_NODE_TYPE_TRIGONOMETRY"/>
            <feature name="CONFIG_LINUX_MICRO_LOCALE"/>
            <feature name="CONFIG_HAVE_UDEV"/>
            <feature name="CONFIG_FLOW_NODE_TYPE_CONVERTER"/>
        </and>
    </struct>
    <constraints>
        <rule>
            <disj>
                <var>CONFIG_SOL_PLATFORM_LINUX</var>
                <not>
                    <var>CONFIG_PLATFORM_SYSTEMD</var>
                </not>
            </disj>
        </rule>
        <rule>
            <disj>
                <not>
                    <var>CONFIG_FLOW_NODE_TYPE_FS</var>
                </not>
                <var>CONFIG_FLOW</var>
            </disj>
        </rule>
        <rule>
            <disj>
                <var>CONFIG_HAVE_RIOTOS</var>
                <not>
                    <var>CONFIG_MAINLOOP_RIOTOS</var>
                </not>
            </disj>
        </rule>
        <rule>
            <disj>
                <var>CONFIG_FLOW</var>
                <var>CONFIG_RESOLVER_CONFFILE</var>
                <not>
                    <var>CONFIG_FBP_RUNNER</var>
                </not>
            </disj>
        </rule>
        <rule>
            <disj>
                <var>CONFIG_LINUX_MICRO</var>
                <not>
                    <var>CONFIG_LINUX_MICRO_DBUS</var>
                </not>
            </disj>
        </rule>
        <rule>
            <disj>
                <not>
                    <var>CONFIG_DEFAULT_LOG_LEVEL_ERROR</var>
                </not>
                <not>
                    <var>CONFIG_DEFAULT_LOG_LEVEL_INFO</var>
                </not>
            </disj>
        </rule>
        <rule>
            <disj>
                <not>
                    <var>CONFIG_FLOW_NODE_TYPE_GPIO</var>
                </not>
                <var>CONFIG_FLOW</var>
            </disj>
        </rule>
        <rule>
            <disj>
                <not>
                    <var>CONFIG_DEFAULT_LOG_LEVEL_ERROR</var>
                </not>
                <not>
                    <var>CONFIG_DEFAULT_LOG_LEVEL_WARNING</var>
                </not>
            </disj>
        </rule>
        <rule>
            <disj>
                <not>
                    <var>CONFIG_DEFAULT_LOG_LEVEL_CRITICAL</var>
                </not>
                <not>
                    <var>CONFIG_DEFAULT_LOG_LEVEL_ERROR</var>
                </not>
            </disj>
        </rule>
        <rule>
            <disj>
                <not>
                    <var>CONFIG_FLOW_NODE_TYPE_OIC</var>
                </not>
                <var>CONFIG_SOL_PLATFORM_LINUX</var>
            </disj>
        </rule>
        <rule>
            <disj>
                <var>CONFIG_FLOW</var>
                <not>
                    <var>CONFIG_FLOW_NODE_TYPE_CONSTANT</var>
                </not>
            </disj>
        </rule>
        <rule>
            <disj>
                <var>CONFIG_HAVE_GTK</var>
                <not>
                    <var>CONFIG_FLOW_NODE_TYPE_GTK</var>
                </not>
                <var>CONFIG_FLOW</var>
            </disj>
        </rule>
        <rule>
            <disj>
                <not>
                    <var>CONFIG_FLOW_NODE_TYPE_GTK</var>
                </not>
                <var>CONFIG_USE_GTK</var>
            </disj>
        </rule>
        <rule>
            <disj>
                <not>
                    <var>CONFIG_PLATFORM_DUMMY</var>
                </not>
                <not>
                    <var>CONFIG_PLATFORM_LINUX_MICRO</var>
                </not>
            </disj>
        </rule>
        <rule>
            <disj>
                <not>
                    <var>CONFIG_PLATFORM_RIOTOS</var>
                </not>
                <not>
                    <var>CONFIG_PLATFORM_DUMMY</var>
                </not>
            </disj>
        </rule>
        <rule>
            <disj>
                <var>CONFIG_FLOW</var>
                <not>
                    <var>CONFIG_FLOW_NODE_TYPE_PWM</var>
                </not>
            </disj>
        </rule>
        <rule>
            <disj>
                <not>
                    <var>CONFIG_LINUX_MICRO_FSTAB</var>
                </not>
                <var>CONFIG_LINUX_MICRO</var>
            </disj>
        </rule>
        <rule>
            <disj>
                <not>
                    <var>CONFIG_MAINLOOP_RIOTOS</var>
                </not>
                <not>
                    <var>CONFIG_MAINLOOP_GLIB</var>
                </not>
            </disj>
        </rule>
        <rule>
            <disj>
                <var>CONFIG_FLOW</var>
                <not>
                    <var>CONFIG_FLOW_NODE_TYPE_FILE</var>
                </not>
            </disj>
        </rule>
        <rule>
            <disj>
                <var>CONFIG_USE_CHECK</var>
            </disj>
        </rule>
        <rule>
            <disj>
                <not>
                    <var>CONFIG_DEFAULT_LOG_LEVEL_WARNING</var>
                </not>
                <not>
                    <var>CONFIG_DEFAULT_LOG_LEVEL_INFO</var>
                </not>
            </disj>
        </rule>
        <rule>
            <disj>
                <var>CONFIG_INSPECTOR</var>
                <not>
                    <var>CONFIG_FBP_RUNNER</var>
                </not>
            </disj>
        </rule>
        <rule>
            <disj>
                <not>
                    <var>CONFIG_TEST_MAINLOOP_THREADS_SOL_RUN</var>
                </not>
                <var>CONFIG_MAINLOOP_POSIX</var>
            </disj>
        </rule>
        <rule>
            <disj>
                <var>CONFIG_MAINLOOP_RIOTOS</var>
                <var>CONFIG_MAINLOOP_POSIX</var>
                <not>
                    <var>CONFIG_SOL_PLATFORM_LINUX</var>
                </not>
                <var>CONFIG_MAINLOOP_GLIB</var>
                <not>
                    <var>CONFIG_HAVE_GLIB</var>
                </not>
            </disj>
        </rule>
        <rule>
            <disj>
                <not>
                    <var>CONFIG_PLATFORM_DUMMY</var>
                </not>
                <not>
                    <var>CONFIG_PLATFORM_SYSTEMD</var>
                </not>
            </disj>
        </rule>
        <rule>
            <disj>
                <not>
                    <var>CONFIG_PLATFORM_RIOTOS</var>
                </not>
                <not>
                    <var>CONFIG_PLATFORM_LINUX_MICRO</var>
                </not>
            </disj>
        </rule>
        <rule>
            <disj>
                <not>
                    <var>CONFIG_MAINLOOP_RIOTOS</var>
                </not>
                <var>CONFIG_PLATFORM_RIOTOS</var>
            </disj>
        </rule>
        <rule>
            <disj>
                <var>CONFIG_KDBUS</var>
                <var>CONFIG_HAVE_KDBUS</var>
                <not>
                    <var>CONFIG_PLATFORM_SYSTEMD</var>
                </not>
            </disj>
        </rule>
        <rule>
            <disj>
                <not>
                    <var>CONFIG_LINUX_MICRO_HOSTNAME</var>
                </not>
                <var>CONFIG_LINUX_MICRO</var>
            </disj>
        </rule>
        <rule>
            <disj>
                <var>CONFIG_INSPECTOR</var>
                <var>CONFIG_RESOLVER_CONFFILE</var>
                <not>
                    <var>CONFIG_FBP_GENERATOR</var>
                </not>
            </disj>
        </rule>
        <rule>
            <disj>
                <var>CONFIG_FLOW</var>
                <not>
                    <var>CONFIG_FLOW_NODE_TYPE_OIC</var>
                </not>
            </disj>
        </rule>
        <rule>
            <disj>
                <var>CONFIG_FLOW</var>
                <not>
                    <var>CONFIG_FLOW_NODE_TYPE_HUB</var>
                </not>
            </disj>
        </rule>
        <rule>
            <disj>
                <var>CONFIG_FLOW</var>
                <not>
                    <var>CONFIG_FLOW_NODE_TYPE_OIC</var>
                </not>
                <var>CONFIG_SOL_PLATFORM_LINUX</var>
            </disj>
        </rule>
        <rule>
            <disj>
                <not>
                    <var>CONFIG_FLOW_NODE_TYPE_UDEV</var>
                </not>
                <var>CONFIG_USE_UDEV</var>
            </disj>
        </rule>
        <rule>
            <disj>
                <var>CONFIG_FLOW</var>
                <not>
                    <var>CONFIG_FLOW_NODE_TYPE_PROCESS</var>
                </not>
            </disj>
        </rule>
        <rule>
            <disj>
                <var>CONFIG_KDBUS</var>
                <var>CONFIG_HAVE_SYSTEMD</var>
                <not>
                    <var>CONFIG_PLATFORM_SYSTEMD</var>
                </not>
            </disj>
        </rule>
        <rule>
            <disj>
                <not>
                    <var>CONFIG_TEST_MAINLOOP_THREADS_SOL_RUN</var>
                </not>
                <var>CONFIG_MAINLOOP_POSIX</var>
                <var>CONFIG_PTHREAD</var>
            </disj>
        </rule>
        <rule>
            <disj>
                <var>CONFIG_SOL_PLATFORM_LINUX</var>
                <not>
                    <var>CONFIG_FBP_GENERATOR</var>
                </not>
            </disj>
        </rule>
        <rule>
            <disj>
                <var>CONFIG_HAVE_DECL_IFLA_INET6_ADDR_GEN_MODE</var>
            </disj>
        </rule>
        <rule>
            <disj>
                <not>
                    <var>CONFIG_FLOW_NODE_TYPE_GTK</var>
                </not>
                <var>CONFIG_FLOW</var>
            </disj>
        </rule>
        <rule>
            <disj>
                <var>CONFIG_FLOW</var>
                <not>
                    <var>CONFIG_FLOW_NODE_TYPE_GYROSCOPE</var>
                </not>
            </disj>
        </rule>
        <rule>
            <disj>
                <var>CONFIG_FLOW</var>
                <not>
                    <var>CONFIG_FLOW_NODE_TYPE_BYTE</var>
                </not>
            </disj>
        </rule>
        <rule>
            <disj>
                <var>CONFIG_PLATFORM_RIOTOS</var>
                <var>CONFIG_PLATFORM_DUMMY</var>
                <var>CONFIG_PLATFORM_LINUX_MICRO</var>
                <var>CONFIG_PLATFORM_SYSTEMD</var>
            </disj>
        </rule>
        <rule>
            <disj>
                <not>
                    <var>CONFIG_KDBUS</var>
                </not>
                <var>CONFIG_USE_GLIB</var>
            </disj>
        </rule>
        <rule>
            <disj>
                <not>
                    <var>CONFIG_PTHREAD</var>
                </not>
                <var>CONFIG_SOL_PLATFORM_LINUX</var>
                <var>CONFIG_HAVE_PTHREAD</var>
            </disj>
        </rule>
        <rule>
            <disj>
                <not>
                    <var>CONFIG_PLATFORM_RIOTOS</var>
                </not>
                <not>
                    <var>CONFIG_PLATFORM_SYSTEMD</var>
                </not>
            </disj>
        </rule>
        <rule>
            <disj>
                <var>CONFIG_SOL_PLATFORM_LINUX</var>
                <var>CONFIG_RESOLVER_CONFFILE</var>
                <not>
                    <var>CONFIG_FBP_RUNNER</var>
                </not>
            </disj>
        </rule>
        <rule>
            <disj>
                <not>
                    <var>CONFIG_SOCKET_LINUX</var>
                </not>
                <var>CONFIG_SOL_PLATFORM_LINUX</var>
            </disj>
        </rule>
        <rule>
            <disj>
                <var>CONFIG_FLOW</var>
                <not>
                    <var>CONFIG_FLOW_NODE_TYPE_CONSOLE</var>
                </not>
            </disj>
        </rule>
        <rule>
            <disj>
                <var>CONFIG_FLOW</var>
                <not>
                    <var>CONFIG_FLOW_NODE_TYPE_STRING</var>
                </not>
            </disj>
        </rule>
        <rule>
            <disj>
                <not>
                    <var>CONFIG_TEST_MAINLOOP_THREADS</var>
                </not>
                <var>CONFIG_PTHREAD</var>
            </disj>
        </rule>
        <rule>
            <disj>
                <var>CONFIG_HAVE_SYSTEMD</var>
                <not>
                    <var>CONFIG_PLATFORM_SYSTEMD</var>
                </not>
            </disj>
        </rule>
        <rule>
            <disj>
                <not>
                    <var>CONFIG_MAINLOOP_RIOTOS</var>
                </not>
                <not>
                    <var>CONFIG_MAINLOOP_POSIX</var>
                </not>
            </disj>
        </rule>
        <rule>
            <disj>
                <var>CONFIG_FLOW</var>
                <not>
                    <var>CONFIG_FLOW_NODE_TYPE_RANDOM</var>
                </not>
            </disj>
        </rule>
        <rule>
            <disj>
                <not>
                    <var>CONFIG_DEFAULT_LOG_LEVEL_CRITICAL</var>
                </not>
                <var>CONFIG_LOG</var>
            </disj>
        </rule>
        <rule>
            <disj>
                <var>CONFIG_FLOW</var>
                <not>
                    <var>CONFIG_FLOW_NODE_TYPE_COLOR</var>
                </not>
            </disj>
        </rule>
        <rule>
            <disj>
                <var>CONFIG_HAVE_ACCEPT4</var>
            </disj>
        </rule>
        <rule>
            <disj>
                <var>CONFIG_HAVE_DLFCN_H</var>
            </disj>
        </rule>
        <rule>
            <disj>
                <not>
                    <var>CONFIG_DEFAULT_LOG_LEVEL_ERROR</var>
                </not>
                <var>CONFIG_LOG</var>
            </disj>
        </rule>
        <rule>
            <disj>
                <var>CONFIG_INSPECTOR</var>
                <var>CONFIG_SOL_PLATFORM_LINUX</var>
                <not>
                    <var>CONFIG_FLOW_NODE_TYPES</var>
                </not>
            </disj>
        </rule>
        <rule>
            <disj>
                <var>CONFIG_INTERNAL_SHARED</var>
            </disj>
        </rule>
        <rule>
            <disj>
                <var>CONFIG_KDBUS</var>
                <var>CONFIG_SOL_PLATFORM_LINUX</var>
                <not>
                    <var>CONFIG_PLATFORM_SYSTEMD</var>
                </not>
            </disj>
        </rule>
        <rule>
            <disj>
                <not>
                    <var>CONFIG_FLOW_NODE_TYPE_APP</var>
                </not>
                <var>CONFIG_FLOW</var>
            </disj>
        </rule>
        <rule>
            <disj>
                <not>
                    <var>CONFIG_HAVE_GTK</var>
                </not>
            </disj>
        </rule>
        <rule>
            <disj>
                <not>
                    <var>CONFIG_FLOW_NODE_TYPE_NETWORK</var>
                </not>
                <var>CONFIG_FLOW</var>
            </disj>
        </rule>
        <rule>
            <disj>
                <not>
                    <var>CONFIG_FLOW_NODE_TYPE_OIC</var>
                </not>
                <var>CONFIG_COAP</var>
            </disj>
        </rule>
        <rule>
            <disj>
                <var>CONFIG_FLOW</var>
                <var>CONFIG_SOL_PLATFORM_LINUX</var>
                <not>
                    <var>CONFIG_FBP_RUNNER</var>
                </not>
            </disj>
        </rule>
        <rule>
            <disj>
                <not>
                    <var>CONFIG_FLOW_NODE_TYPE_KEYBOARD</var>
                </not>
                <var>CONFIG_FLOW</var>
            </disj>
        </rule>
        <rule>
            <disj>
                <not>
                    <var>CONFIG_HAVE_DECL_STRNDUPA</var>
                </not>
            </disj>
        </rule>
        <rule>
            <disj>
                <not>
                    <var>CONFIG_HAVE_SYSTEMD</var>
                </not>
            </disj>
        </rule>
        <rule>
            <disj>
                <not>
                    <var>CONFIG_HAVE_CHECK</var>
                </not>
            </disj>
        </rule>
        <rule>
            <disj>
                <var>CONFIG_FLOW</var>
                <not>
                    <var>CONFIG_FLOW_NODE_TYPE_PLATFORM</var>
                </not>
            </disj>
        </rule>
        <rule>
            <disj>
                <var>CONFIG_FLOW</var>
                <not>
                    <var>CONFIG_FLOW_NODE_TYPE_OIC</var>
                </not>
                <var>CONFIG_COAP</var>
            </disj>
        </rule>
        <rule>
            <disj>
                <not>
                    <var>CONFIG_FLOW_NODE_TYPE_ACCELEROMETER</var>
                </not>
                <var>CONFIG_FLOW</var>
            </disj>
        </rule>
        <rule>
            <disj>
                <var>CONFIG_INSPECTOR</var>
                <not>
                    <var>CONFIG_FBP_GENERATOR</var>
                </not>
            </disj>
        </rule>
        <rule>
            <disj>
                <not>
                    <var>CONFIG_MAINLOOP_GLIB</var>
                </not>
                <var>CONFIG_HAVE_GLIB</var>
            </disj>
        </rule>
        <rule>
            <disj>
                <var>CONFIG_LINUX_MICRO</var>
                <not>
                    <var>CONFIG_LINUX_MICRO_CONSOLE</var>
                </not>
            </disj>
        </rule>
        <rule>
            <disj>
                <var>CONFIG_RESOLVER_CONFFILE</var>
                <not>
                    <var>CONFIG_FBP_GENERATOR</var>
                </not>
            </disj>
        </rule>
        <rule>
            <disj>
                <not>
                    <var>CONFIG_PTHREAD</var>
                </not>
                <var>CONFIG_SOL_PLATFORM_LINUX</var>
            </disj>
        </rule>
        <rule>
            <disj>
                <var>CONFIG_HAVE_ISATTY</var>
            </disj>
        </rule>
        <rule>
            <disj>
                <var>CONFIG_FLOW_NODE_TYPE_GPIO</var>
                <var>CONFIG_FLOW</var>
                <not>
                    <var>CONFIG_FLOW_NODE_TYPE_CALAMARI</var>
                </not>
            </disj>
        </rule>
        <rule>
            <disj>
                <var>CONFIG_INSPECTOR</var>
                <var>CONFIG_SOL_PLATFORM_LINUX</var>
                <not>
                    <var>CONFIG_FBP_TO_DOT</var>
                </not>
            </disj>
        </rule>
        <rule>
            <disj>
                <var>CONFIG_INSPECTOR</var>
                <var>CONFIG_SOL_PLATFORM_LINUX</var>
                <not>
                    <var>CONFIG_FBP_GENERATOR</var>
                </not>
            </disj>
        </rule>
        <rule>
            <disj>
                <var>CONFIG_FLOW</var>
                <not>
                    <var>CONFIG_FBP_GENERATOR</var>
                </not>
            </disj>
        </rule>
        <rule>
            <disj>
                <var>CONFIG_INSPECTOR</var>
                <var>CONFIG_FLOW</var>
                <not>
                    <var>CONFIG_FBP_GENERATOR</var>
                </not>
            </disj>
        </rule>
        <rule>
            <disj>
                <var>CONFIG_INSPECTOR</var>
                <var>CONFIG_SOL_PLATFORM_LINUX</var>
                <not>
                    <var>CONFIG_FBP_RUNNER</var>
                </not>
            </disj>
        </rule>
        <rule>
            <disj>
                <var>CONFIG_FLOW</var>
                <var>CONFIG_RESOLVER_CONFFILE</var>
                <not>
                    <var>CONFIG_FBP_GENERATOR</var>
                </not>
            </disj>
        </rule>
        <rule>
            <disj>
                <var>CONFIG_HAVE_GLIB</var>
            </disj>
        </rule>
        <rule>
            <disj>
                <not>
                    <var>CONFIG_KDBUS</var>
                </not>
                <var>CONFIG_HAVE_KDBUS</var>
                <var>CONFIG_PLATFORM_SYSTEMD</var>
            </disj>
        </rule>
        <rule>
            <disj>
                <var>CONFIG_SOL_PLATFORM_LINUX</var>
                <not>
                    <var>CONFIG_PLATFORM_LINUX_MICRO</var>
                </not>
            </disj>
        </rule>
        <rule>
            <disj>
                <var>CONFIG_FLOW</var>
                <not>
                    <var>CONFIG_FLOW_NODE_TYPE_EVDEV</var>
                </not>
            </disj>
        </rule>
        <rule>
            <disj>
                <var>CONFIG_FLOW</var>
                <not>
                    <var>CONFIG_FLOW_NODE_TYPE_WALLCLOCK</var>
                </not>
            </disj>
        </rule>
        <rule>
            <disj>
                <not>
                    <var>CONFIG_PTHREAD</var>
                </not>
                <var>CONFIG_HAVE_PTHREAD</var>
            </disj>
        </rule>
        <rule>
            <disj>
                <not>
                    <var>CONFIG_MAINLOOP_POSIX</var>
                </not>
                <var>CONFIG_SOL_PLATFORM_LINUX</var>
            </disj>
        </rule>
        <rule>
            <disj>
                <var>CONFIG_DEFAULT_LOG_LEVEL_CRITICAL</var>
                <var>CONFIG_DEFAULT_LOG_LEVEL_ERROR</var>
                <var>CONFIG_DEFAULT_LOG_LEVEL_WARNING</var>
                <var>CONFIG_DEFAULT_LOG_LEVEL_INFO</var>
                <var>CONFIG_DEFAULT_LOG_LEVEL_DEBUG</var>
                <not>
                    <var>CONFIG_LOG</var>
                </not>
            </disj>
        </rule>
        <rule>
            <disj>
                <var>CONFIG_INSPECTOR</var>
                <not>
                    <var>CONFIG_FBP_TO_DOT</var>
                </not>
                <var>CONFIG_RESOLVER_CONFFILE</var>
            </disj>
        </rule>
        <rule>
            <disj>
                <var>CONFIG_INSPECTOR</var>
                <var>CONFIG_FLOW</var>
                <not>
                    <var>CONFIG_FBP_RUNNER</var>
                </not>
            </disj>
        </rule>
        <rule>
            <disj>
                <not>
                    <var>CONFIG_DEFAULT_LOG_LEVEL_INFO</var>
                </not>
                <var>CONFIG_LOG</var>
            </disj>
        </rule>
        <rule>
            <disj>
                <var>CONFIG_FLOW</var>
                <not>
                    <var>CONFIG_FLOW_NODE_TYPE_FILTER_REPEATED</var>
                </not>
            </disj>
        </rule>
        <rule>
            <disj>
                <not>
                    <var>CONFIG_DEFAULT_LOG_LEVEL_CRITICAL</var>
                </not>
                <not>
                    <var>CONFIG_DEFAULT_LOG_LEVEL_DEBUG</var>
                </not>
            </disj>
        </rule>
        <rule>
            <disj>
                <var>CONFIG_FLOW_NODE_TYPE_GPIO</var>
                <not>
                    <var>CONFIG_FLOW_NODE_TYPE_CALAMARI</var>
                </not>
            </disj>
        </rule>
        <rule>
            <disj>
                <not>
                    <var>CONFIG_DEFAULT_LOG_LEVEL_WARNING</var>
                </not>
                <not>
                    <var>CONFIG_DEFAULT_LOG_LEVEL_DEBUG</var>
                </not>
            </disj>
        </rule>
        <rule>
            <disj>
                <not>
                    <var>CONFIG_FLOW_NODE_TYPE_FLOAT</var>
                </not>
                <var>CONFIG_FLOW</var>
            </disj>
        </rule>
        <rule>
            <disj>
                <not>
                    <var>CONFIG_FLOW_NODE_TYPE_ACCELEROMETER</var>
                </not>
                <var>CONFIG_SOL_PLATFORM_LINUX</var>
            </disj>
        </rule>
        <rule>
            <disj>
                <var>CONFIG_SOL_PLATFORM_LINUX</var>
                <not>
                    <var>CONFIG_FLOW_NODE_TYPE_GYROSCOPE</var>
                </not>
            </disj>
        </rule>
        <rule>
            <disj>
                <not>
                    <var>CONFIG_FLOW_NODE_TYPE_TEST</var>
                </not>
                <var>CONFIG_FLOW</var>
            </disj>
        </rule>
        <rule>
            <disj>
                <var>CONFIG_CORE</var>
            </disj>
        </rule>
        <rule>
            <disj>
                <not>
                    <var>CONFIG_FBP_TO_DOT</var>
                </not>
                <var>CONFIG_RESOLVER_CONFFILE</var>
            </disj>
        </rule>
        <rule>
            <disj>
                <var>CONFIG_USE_GLIB</var>
                <not>
                    <var>CONFIG_MAINLOOP_GLIB</var>
                </not>
            </disj>
        </rule>
        <rule>
            <disj>
                <var>CONFIG_MODULES</var>
                <not>
                    <var>CONFIG_ENABLE_DYNAMIC_MODULES</var>
                </not>
            </disj>
        </rule>
        <rule>
            <disj>
                <var>CONFIG_HAVE_PPOLL</var>
            </disj>
        </rule>
        <rule>
            <disj>
                <var>CONFIG_USE_SYSTEMD</var>
                <not>
                    <var>CONFIG_LOG</var>
                </not>
            </disj>
        </rule>
        <rule>
            <disj>
                <var>CONFIG_FLOW</var>
                <not>
                    <var>CONFIG_FLOW_NODE_TYPE_TIMER</var>
                </not>
            </disj>
        </rule>
        <rule>
            <disj>
                <var>CONFIG_SOL_PLATFORM_LINUX</var>
                <not>
                    <var>CONFIG_PLATFORM_DUMMY</var>
                </not>
            </disj>
        </rule>
        <rule>
            <disj>
                <not>
                    <var>CONFIG_DEFAULT_LOG_LEVEL_CRITICAL</var>
                </not>
                <not>
                    <var>CONFIG_DEFAULT_LOG_LEVEL_WARNING</var>
                </not>
            </disj>
        </rule>
        <rule>
            <disj>
                <var>CONFIG_MAINLOOP_RIOTOS</var>
                <var>CONFIG_MAINLOOP_POSIX</var>
                <not>
                    <var>CONFIG_SOL_PLATFORM_LINUX</var>
                </not>
                <var>CONFIG_MAINLOOP_GLIB</var>
            </disj>
        </rule>
        <rule>
            <disj>
                <var>CONFIG_INSPECTOR</var>
                <not>
                    <var>CONFIG_FBP_TO_DOT</var>
                </not>
            </disj>
        </rule>
        <rule>
            <disj>
                <not>
                    <var>CONFIG_FLOW_NODE_TYPE_OIC</var>
                </not>
                <var>CONFIG_SOL_PLATFORM_LINUX</var>
                <var>CONFIG_COAP</var>
            </disj>
        </rule>
        <rule>
            <disj>
                <not>
                    <var>CONFIG_MODULES</var>
                </not>
                <var>CONFIG_ENABLE_DYNAMIC_MODULES</var>
            </disj>
        </rule>
        <rule>
            <disj>
                <var>CONFIG_MAINLOOP_POSIX</var>
                <not>
                    <var>CONFIG_TEST_MAINLOOP_THREADS</var>
                </not>
                <var>CONFIG_PTHREAD</var>
            </disj>
        </rule>
        <rule>
            <disj>
                <not>
                    <var>CONFIG_LINUX_MICRO</var>
                </not>
                <var>CONFIG_PLATFORM_LINUX_MICRO</var>
            </disj>
        </rule>
        <rule>
            <disj>
                <var>CONFIG_FLOW</var>
                <not>
                    <var>CONFIG_FLOW_NODE_TYPE_GROVE</var>
                </not>
            </disj>
        </rule>
        <rule>
            <disj>
                <not>
                    <var>CONFIG_TEST_MAINLOOP_THREADS_SOL_RUN</var>
                </not>
                <var>CONFIG_PTHREAD</var>
            </disj>
        </rule>
        <rule>
            <disj>
                <var>CONFIG_SOL_PLATFORM_LINUX</var>
                <not>
                    <var>CONFIG_FLOW_NODE_TYPE_PROCESS</var>
                </not>
            </disj>
        </rule>
        <rule>
            <disj>
                <var>CONFIG_FLOW</var>
                <not>
                    <var>CONFIG_FLOW_NODE_TYPE_CALAMARI</var>
                </not>
            </disj>
        </rule>
        <rule>
            <disj>
                <not>
                    <var>CONFIG_USE_SYSTEMD</var>
                </not>
                <var>CONFIG_LOG</var>
                <var>CONFIG_PLATFORM_SYSTEMD</var>
            </disj>
        </rule>
        <rule>
            <disj>
                <not>
                    <var>CONFIG_FLOW_NODE_TYPE_UDEV</var>
                </not>
                <var>CONFIG_FLOW</var>
            </disj>
        </rule>
        <rule>
            <disj>
                <not>
                    <var>CONFIG_HAVE_KDBUS</var>
                </not>
            </disj>
        </rule>
        <rule>
            <disj>
                <var>CONFIG_INSPECTOR</var>
                <not>
                    <var>CONFIG_FLOW_NODE_TYPES</var>
                </not>
            </disj>
        </rule>
        <rule>
            <disj>
                <not>
                    <var>CONFIG_LINUX_MICRO_BLUETOOTH</var>
                </not>
                <var>CONFIG_LINUX_MICRO</var>
            </disj>
        </rule>
        <rule>
            <disj>
                <var>CONFIG_LINUX_MICRO</var>
                <not>
                    <var>CONFIG_LINUX_MICRO_WATCHDOG</var>
                </not>
            </disj>
        </rule>
        <rule>
            <disj>
                <var>CONFIG_USE_GLIB</var>
                <not>
                    <var>CONFIG_RESOLVER_CONFFILE</var>
                </not>
            </disj>
        </rule>
        <rule>
            <disj>
                <var>CONFIG_FLOW</var>
                <not>
                    <var>CONFIG_FLOW_NODE_TYPE_INT</var>
                </not>
            </disj>
        </rule>
        <rule>
            <disj>
                <not>
                    <var>CONFIG_PLATFORM_LINUX_MICRO</var>
                </not>
                <not>
                    <var>CONFIG_PLATFORM_SYSTEMD</var>
                </not>
            </disj>
        </rule>
        <rule>
            <disj>
                <var>CONFIG_FLOW</var>
                <var>CONFIG_PTHREAD</var>
                <not>
                    <var>CONFIG_FLOW_NODE_TYPE_FILE</var>
                </not>
            </disj>
        </rule>
        <rule>
            <disj>
                <var>CONFIG_INSPECTOR</var>
                <var>CONFIG_RESOLVER_CONFFILE</var>
                <not>
                    <var>CONFIG_FBP_RUNNER</var>
                </not>
            </disj>
        </rule>
        <rule>
            <disj>
                <var>CONFIG_INSPECTOR</var>
                <not>
                    <var>CONFIG_FLOW_NODE_TYPES</var>
                </not>
                <var>CONFIG_RESOLVER_CONFFILE</var>
            </disj>
        </rule>
        <rule>
            <disj>
                <var>CONFIG_FLOW</var>
                <not>
                    <var>CONFIG_FLOW_NODE_TYPE_AIO</var>
                </not>
            </disj>
        </rule>
        <rule>
            <disj>
                <var>CONFIG_SOL_PLATFORM_LINUX</var>
                <not>
                    <var>CONFIG_MAINLOOP_GLIB</var>
                </not>
            </disj>
        </rule>
        <rule>
            <disj>
                <var>CONFIG_FLOW</var>
                <var>CONFIG_SOL_PLATFORM_LINUX</var>
                <not>
                    <var>CONFIG_FBP_GENERATOR</var>
                </not>
            </disj>
        </rule>
        <rule>
            <disj>
                <not>
                    <var>CONFIG_KDBUS</var>
                </not>
                <var>CONFIG_HAVE_SYSTEMD</var>
                <var>CONFIG_PLATFORM_SYSTEMD</var>
            </disj>
        </rule>
        <rule>
            <disj>
                <var>CONFIG_HAVE_GTK</var>
                <not>
                    <var>CONFIG_FLOW_NODE_TYPE_GTK</var>
                </not>
            </disj>
        </rule>
        <rule>
            <disj>
                <var>CONFIG_HAVE_PTHREAD</var>
            </disj>
        </rule>
        <rule>
            <disj>
                <not>
                    <var>CONFIG_KDBUS</var>
                </not>
                <var>CONFIG_SOL_PLATFORM_LINUX</var>
                <var>CONFIG_PLATFORM_SYSTEMD</var>
            </disj>
        </rule>
        <rule>
            <disj>
                <var>CONFIG_FLOW</var>
                <not>
                    <var>CONFIG_FLOW_NODE_TYPE_BOOLEAN</var>
                </not>
            </disj>
        </rule>
        <rule>
            <disj>
                <var>CONFIG_FLOW_NODE_TYPE_UDEV</var>
                <not>
                    <var>CONFIG_USE_UDEV</var>
                </not>
            </disj>
        </rule>
        <rule>
            <disj>
                <var>CONFIG_SOL_PLATFORM_LINUX</var>
                <not>
                    <var>CONFIG_FBP_TO_DOT</var>
                </not>
            </disj>
        </rule>
        <rule>
            <disj>
                <var>CONFIG_SOL_PLATFORM_LINUX</var>
                <not>
                    <var>CONFIG_FBP_TO_DOT</var>
                </not>
                <var>CONFIG_RESOLVER_CONFFILE</var>
            </disj>
        </rule>
        <rule>
            <disj>
                <var>CONFIG_PREFIX</var>
            </disj>
        </rule>
        <rule>
            <disj>
                <var>CONFIG_FLOW</var>
                <var>CONFIG_SOL_PLATFORM_LINUX</var>
                <not>
                    <var>CONFIG_FLOW_NODE_TYPE_PROCESS</var>
                </not>
            </disj>
        </rule>
        <rule>
            <disj>
                <var>CONFIG_LINUX_MICRO</var>
                <not>
                    <var>CONFIG_LINUX_MICRO_SYSCTL</var>
                </not>
            </disj>
        </rule>
        <rule>
            <disj>
                <not>
                    <var>CONFIG_DEFAULT_LOG_LEVEL_DEBUG</var>
                </not>
                <var>CONFIG_LOG</var>
            </disj>
        </rule>
        <rule>
            <disj>
                <var>CONFIG_FLOW_NODE_TYPE_GTK</var>
                <not>
                    <var>CONFIG_USE_GTK</var>
                </not>
            </disj>
        </rule>
        <rule>
            <disj>
                <var>CONFIG_MAINLOOP_POSIX</var>
                <not>
                    <var>CONFIG_TEST_MAINLOOP_THREADS</var>
                </not>
            </disj>
        </rule>
        <rule>
            <disj>
                <var>CONFIG_USE_SYSTEMD</var>
                <not>
                    <var>CONFIG_PLATFORM_SYSTEMD</var>
                </not>
            </disj>
        </rule>
        <rule>
            <disj>
                <not>
                    <var>CONFIG_SOL_PLATFORM_LINUX</var>
                </not>
                <var>CONFIG_PLATFORM_DUMMY</var>
                <var>CONFIG_PLATFORM_LINUX_MICRO</var>
                <var>CONFIG_PLATFORM_SYSTEMD</var>
            </disj>
        </rule>
        <rule>
            <disj>
                <var>CONFIG_LINUX_MICRO</var>
                <not>
                    <var>CONFIG_LINUX_MICRO_NETWORK_UP</var>
                </not>
            </disj>
        </rule>
        <rule>
            <disj>
                <not>
                    <var>CONFIG_DEFAULT_LOG_LEVEL_CRITICAL</var>
                </not>
                <not>
                    <var>CONFIG_DEFAULT_LOG_LEVEL_INFO</var>
                </not>
            </disj>
        </rule>
        <rule>
            <disj>
                <var>CONFIG_FLOW</var>
                <var>CONFIG_SOL_PLATFORM_LINUX</var>
                <not>
                    <var>CONFIG_FLOW_NODE_TYPE_GYROSCOPE</var>
                </not>
            </disj>
        </rule>
        <rule>
            <disj>
                <var>CONFIG_FLOW</var>
                <not>
                    <var>CONFIG_FLOW_NODE_TYPE_PIEZO_SPEAKER</var>
                </not>
            </disj>
        </rule>
        <rule>
            <disj>
                <var>CONFIG_KDBUS</var>
                <not>
                    <var>CONFIG_PLATFORM_SYSTEMD</var>
                </not>
            </disj>
        </rule>
        <rule>
            <disj>
                <var>CONFIG_FLOW</var>
                <not>
                    <var>CONFIG_FLOW_NODE_TYPE_SERVO_MOTOR</var>
                </not>
            </disj>
        </rule>
        <rule>
            <disj>
                <var>CONFIG_FLOW</var>
                <not>
                    <var>CONFIG_FLOW_NODE_TYPE_UNIX_SOCKET</var>
                </not>
            </disj>
        </rule>
        <rule>
            <disj>
                <var>CONFIG_COAP</var>
                <not>
                    <var>CONFIG_TEST_COAP</var>
                </not>
            </disj>
        </rule>
        <rule>
            <disj>
                <var>CONFIG_SOL_PLATFORM_LINUX</var>
                <var>CONFIG_RESOLVER_CONFFILE</var>
                <not>
                    <var>CONFIG_FBP_GENERATOR</var>
                </not>
            </disj>
        </rule>
        <rule>
            <disj>
                <var>CONFIG_LINUX_MICRO</var>
                <not>
                    <var>CONFIG_LINUX_MICRO_RC_D</var>
                </not>
            </disj>
        </rule>
        <rule>
            <disj>
                <not>
                    <var>CONFIG_MAINLOOP_POSIX</var>
                </not>
                <not>
                    <var>CONFIG_MAINLOOP_GLIB</var>
                </not>
            </disj>
        </rule>
        <rule>
            <disj>
                <var>CONFIG_FLOW</var>
                <not>
                    <var>CONFIG_FLOW_NODE_TYPE_TRIGONOMETRY</var>
                </not>
            </disj>
        </rule>
        <rule>
            <disj>
                <var>CONFIG_SOL_PLATFORM_LINUX</var>
                <not>
                    <var>CONFIG_FLOW_NODE_TYPES</var>
                </not>
            </disj>
        </rule>
        <rule>
            <disj>
                <var>CONFIG_SOL_PLATFORM_LINUX</var>
                <not>
                    <var>CONFIG_FBP_RUNNER</var>
                </not>
            </disj>
        </rule>
        <rule>
            <disj>
                <var>CONFIG_PTHREAD</var>
                <not>
                    <var>CONFIG_FLOW_NODE_TYPE_FILE</var>
                </not>
            </disj>
        </rule>
        <rule>
            <disj>
                <not>
                    <var>CONFIG_LINUX_MICRO_LOCALE</var>
                </not>
                <var>CONFIG_LINUX_MICRO</var>
            </disj>
        </rule>
        <rule>
            <disj>
                <not>
                    <var>CONFIG_DEFAULT_LOG_LEVEL_ERROR</var>
                </not>
                <not>
                    <var>CONFIG_DEFAULT_LOG_LEVEL_DEBUG</var>
                </not>
            </disj>
        </rule>
        <rule>
            <disj>
                <not>
                    <var>CONFIG_HAVE_UDEV</var>
                </not>
            </disj>
        </rule>
        <rule>
            <disj>
                <not>
                    <var>CONFIG_FLOW_NODE_TYPES</var>
                </not>
                <var>CONFIG_RESOLVER_CONFFILE</var>
            </disj>
        </rule>
        <rule>
            <disj>
                <var>CONFIG_KDBUS</var>
                <not>
                    <var>CONFIG_HAVE_SYSTEMD</var>
                </not>
                <not>
                    <var>CONFIG_SOL_PLATFORM_LINUX</var>
                </not>
                <not>
                    <var>CONFIG_HAVE_KDBUS</var>
                </not>
                <not>
                    <var>CONFIG_PLATFORM_SYSTEMD</var>
                </not>
            </disj>
        </rule>
        <rule>
            <disj>
                <var>CONFIG_SOL_PLATFORM_LINUX</var>
                <not>
                    <var>CONFIG_FLOW_NODE_TYPES</var>
                </not>
                <var>CONFIG_RESOLVER_CONFFILE</var>
            </disj>
        </rule>
        <rule>
            <disj>
                <not>
                    <var>CONFIG_FLOW_NODE_TYPE_CONVERTER</var>
                </not>
                <var>CONFIG_FLOW</var>
            </disj>
        </rule>
        <rule>
            <disj>
                <var>CONFIG_KDBUS</var>
                <not>
                    <var>CONFIG_USE_GLIB</var>
                </not>
                <var>CONFIG_MAINLOOP_GLIB</var>
                <var>CONFIG_RESOLVER_CONFFILE</var>
            </disj>
        </rule>
        <rule>
            <disj>
                <not>
                    <var>CONFIG_HAVE_RIOTOS</var>
                </not>
            </disj>
        </rule>
        <rule>
            <disj>
                <not>
                    <var>CONFIG_HAVE_RIOTOS</var>
                </not>
                <var>CONFIG_MAINLOOP_RIOTOS</var>
                <not>
                    <var>CONFIG_PLATFORM_RIOTOS</var>
                </not>
                <var>CONFIG_MAINLOOP_POSIX</var>
                <var>CONFIG_MAINLOOP_GLIB</var>
            </disj>
        </rule>
        <rule>
            <disj>
                <not>
                    <var>CONFIG_FLOW_NODE_TYPE_ACCELEROMETER</var>
                </not>
                <var>CONFIG_FLOW</var>
                <var>CONFIG_SOL_PLATFORM_LINUX</var>
            </disj>
        </rule>
        <rule>
            <disj>
                <var>CONFIG_FLOW</var>
                <not>
                    <var>CONFIG_FBP_RUNNER</var>
                </not>
            </disj>
        </rule>
        <rule>
            <disj>
                <not>
                    <var>CONFIG_DEFAULT_LOG_LEVEL_WARNING</var>
                </not>
                <var>CONFIG_LOG</var>
            </disj>
        </rule>
        <rule>
            <disj>
                <var>CONFIG_RESOLVER_CONFFILE</var>
                <not>
                    <var>CONFIG_FBP_RUNNER</var>
                </not>
            </disj>
        </rule>
        <rule>
            <disj>
                <not>
                    <var>CONFIG_DEFAULT_LOG_LEVEL_INFO</var>
                </not>
                <not>
                    <var>CONFIG_DEFAULT_LOG_LEVEL_DEBUG</var>
                </not>
            </disj>
        </rule>
    </constraints>
    <calculations Auto="true" Constraints="true" Features="true" Redundant="true" Tautology="true"/>
    <comments/>
    <featureOrder userDefined="false"/>
</featureModel>
